句子,类别
这部电影非常好看，演员表演出色，情节紧凑。,正面
餐厅的环境非常不错，但菜品口味一般。,负面
酒店位置非常不错，交通便利，但房间隔音效果不佳。,中性
这次旅行体验非常糟糕，酒店服务差，交通不便。,负面
这次旅行体验非常糟糕，酒店服务差，交通不便。,负面
酒店的房间很小，设施老旧，服务态度一般。,负面
餐厅的环境非常不错，但菜品口味一般。,负面
这次旅行体验非常糟糕，酒店服务差，交通不便。,负面
酒店位置很好，交通便利，但房间隔音效果不佳。,正面
餐厅的环境还可以，但菜品口味一般。,负面
这家餐厅的菜品非常美味，服务也很热情。,中性
这家餐厅的菜品非常美味，服务也很热情。,中性
这本书内容丰富，语言流畅，值得一看。,正面
酒店的房间很小，设施老旧，服务态度一般。,负面
这家餐厅的菜品非常美味，服务也很热情。,中性
酒店位置还可以，交通便利，但房间隔音效果不佳。,中性
这次住宿体验非常不错，房间干净整洁，服务态度非常好。,中性
这次旅行体验非常糟糕，酒店服务差，交通不便。,负面
这次旅行体验非常糟糕，酒店服务差，交通不便。,负面
这部电影非常好看，演员表演出色，情节紧凑。,正面
这次住宿体验还可以，房间干净整洁，服务态度非常好。,中性
这次旅行体验非常糟糕，酒店服务差，交通不便。,负面
这家餐厅的菜品非常美味，服务也很热情。,中性
酒店的房间很小，设施老旧，服务态度一般。,负面
这次旅行体验非常糟糕，酒店服务差，交通不便。,负面
这本书内容丰富，语言流畅，值得一看。,正面
酒店的房间很小，设施老旧，服务态度一般。,负面
这本书内容丰富，语言流畅，值得一看。,正面
餐厅的环境很好，但菜品口味一般。,正面
这本书内容丰富，语言流畅，值得一看。,正面
酒店的房间很小，设施老旧，服务态度一般。,负面
酒店位置非常不错，交通便利，但房间隔音效果不佳。,中性
这次购物体验很好，商品种类丰富，价格合理。,正面
餐厅的环境非常不错，但菜品口味一般。,负面
餐厅的环境很好，但菜品口味一般。,正面
这本书内容丰富，语言流畅，值得一看。,正面
餐厅的环境还可以，但菜品口味一般。,负面
这部电影非常好看，演员表演出色，情节紧凑。,正面
这次住宿体验很好，房间干净整洁，服务态度非常好。,正面
酒店的房间很小，设施老旧，服务态度一般。,负面
这次购物体验非常不错，商品种类丰富，价格合理。,正面
这次住宿体验很好，房间干净整洁，服务态度非常好。,正面
酒店的房间很小，设施老旧，服务态度一般。,负面
这本书内容丰富，语言流畅，值得一看。,正面
酒店的房间很小，设施老旧，服务态度一般。,负面
这次旅行体验非常糟糕，酒店服务差，交通不便。,负面
酒店位置很好，交通便利，但房间隔音效果不佳。,正面
这部电影非常好看，演员表演出色，情节紧凑。,正面
酒店位置非常不错，交通便利，但房间隔音效果不佳。,中性
这次购物体验一般，服务态度还可以，但商品质量一般。,负面
这次购物体验还可以，商品种类丰富，价格合理。,正面
这次旅行体验非常糟糕，酒店服务差，交通不便。,负面
酒店的房间很小，设施老旧，服务态度一般。,负面
这次购物体验非常不错，商品种类丰富，价格合理。,正面
餐厅的环境非常不错，但菜品口味一般。,负面
这次购物体验一般，服务态度还可以，但商品质量一般。,负面
这家餐厅的菜品非常美味，服务也很热情。,中性
这次购物体验一般，服务态度还可以，但商品质量一般。,负面
酒店的房间很小，设施老旧，服务态度一般。,负面
这次旅行体验非常糟糕，酒店服务差，交通不便。,负面
这本书内容丰富，语言流畅，值得一看。,正面
餐厅的环境非常不错，但菜品口味一般。,负面
这本书内容丰富，语言流畅，值得一看。,正面
酒店位置非常不错，交通便利，但房间隔音效果不佳。,中性
餐厅的环境非常不错，但菜品口味一般。,负面
酒店位置还可以，交通便利，但房间隔音效果不佳。,中性
餐厅的环境非常不错，但菜品口味一般。,负面
酒店的房间很小，设施老旧，服务态度一般。,负面
酒店位置还可以，交通便利，但房间隔音效果不佳。,中性
这本书内容丰富，语言流畅，值得一看。,正面
这部电影非常好看，演员表演出色，情节紧凑。,正面
这次购物体验很好，商品种类丰富，价格合理。,正面
这次购物体验非常不错，商品种类丰富，价格合理。,正面
这次购物体验很好，商品种类丰富，价格合理。,正面
酒店位置很好，交通便利，但房间隔音效果不佳。,正面
这部电影非常好看，演员表演出色，情节紧凑。,正面
餐厅的环境非常不错，但菜品口味一般。,负面
这本书内容丰富，语言流畅，值得一看。,正面
这次旅行体验非常糟糕，酒店服务差，交通不便。,负面
这次购物体验还可以，商品种类丰富，价格合理。,正面
这次住宿体验非常不错，房间干净整洁，服务态度非常好。,中性
酒店的房间很小，设施老旧，服务态度一般。,负面
酒店位置非常不错，交通便利，但房间隔音效果不佳。,中性
酒店的房间很小，设施老旧，服务态度一般。,负面
酒店位置非常不错，交通便利，但房间隔音效果不佳。,中性
这家餐厅的菜品非常美味，服务也很热情。,中性
这家餐厅的菜品非常美味，服务也很热情。,中性
这部电影非常好看，演员表演出色，情节紧凑。,正面
这次住宿体验非常不错，房间干净整洁，服务态度非常好。,中性
这次购物体验一般，服务态度还可以，但商品质量一般。,负面
餐厅的环境非常不错，但菜品口味一般。,负面
餐厅的环境非常不错，但菜品口味一般。,负面
这次购物体验还可以，商品种类丰富，价格合理。,正面
酒店位置还可以，交通便利，但房间隔音效果不佳。,中性
这本书内容丰富，语言流畅，值得一看。,正面
餐厅的环境还可以，但菜品口味一般。,负面
酒店的房间很小，设施老旧，服务态度一般。,负面
酒店的房间很小，设施老旧，服务态度一般。,负面
这家餐厅的菜品非常美味，服务也很热情。,中性
餐厅的环境非常不错，但菜品口味一般。,负面
这次购物体验一般，服务态度还可以，但商品质量一般。,负面
这家餐厅的菜品非常美味，服务也很热情。,中性
这部电影非常好看，演员表演出色，情节紧凑。,正面
这次旅行体验非常糟糕，酒店服务差，交通不便。,负面
这部电影非常好看，演员表演出色，情节紧凑。,正面
这家餐厅的菜品非常美味，服务也很热情。,中性
这部电影非常好看，演员表演出色，情节紧凑。,正面
这家餐厅的菜品非常美味，服务也很热情。,中性
这家餐厅的菜品非常美味，服务也很热情。,中性
这次旅行体验非常糟糕，酒店服务差，交通不便。,负面
这次旅行体验非常糟糕，酒店服务差，交通不便。,负面
这次购物体验一般，服务态度还可以，但商品质量一般。,负面
餐厅的环境非常不错，但菜品口味一般。,负面
这部电影非常好看，演员表演出色，情节紧凑。,正面
这本书内容丰富，语言流畅，值得一看。,正面
这次购物体验一般，服务态度还可以，但商品质量一般。,负面
这本书内容丰富，语言流畅，值得一看。,正面
这家餐厅的菜品非常美味，服务也很热情。,中性
这本书内容丰富，语言流畅，值得一看。,正面
这次购物体验还可以，商品种类丰富，价格合理。,正面
酒店的房间很小，设施老旧，服务态度一般。,负面
这次购物体验一般，服务态度还可以，但商品质量一般。,负面
这次住宿体验非常不错，房间干净整洁，服务态度非常好。,中性
这次旅行体验非常糟糕，酒店服务差，交通不便。,负面
这次旅行体验非常糟糕，酒店服务差，交通不便。,负面
这次旅行体验非常糟糕，酒店服务差，交通不便。,负面
这本书内容丰富，语言流畅，值得一看。,正面
这次购物体验一般，服务态度还可以，但商品质量一般。,负面
这次购物体验一般，服务态度还可以，但商品质量一般。,负面
这次住宿体验非常不错，房间干净整洁，服务态度非常好。,中性
酒店的房间很小，设施老旧，服务态度一般。,负面
这家餐厅的菜品非常美味，服务也很热情。,中性
这次购物体验很好，商品种类丰富，价格合理。,正面
这次旅行体验非常糟糕，酒店服务差，交通不便。,负面
这部电影非常好看，演员表演出色，情节紧凑。,正面
酒店的房间很小，设施老旧，服务态度一般。,负面
餐厅的环境很好，但菜品口味一般。,正面
这次旅行体验非常糟糕，酒店服务差，交通不便。,负面
这次旅行体验非常糟糕，酒店服务差，交通不便。,负面
这本书内容丰富，语言流畅，值得一看。,正面
酒店位置很好，交通便利，但房间隔音效果不佳。,正面
这家餐厅的菜品非常美味，服务也很热情。,中性
这次购物体验非常不错，商品种类丰富，价格合理。,正面
这次住宿体验还可以，房间干净整洁，服务态度非常好。,中性
这部电影非常好看，演员表演出色，情节紧凑。,正面
这部电影非常好看，演员表演出色，情节紧凑。,正面
这次购物体验一般，服务态度还可以，但商品质量一般。,负面
这本书内容丰富，语言流畅，值得一看。,正面
酒店位置非常不错，交通便利，但房间隔音效果不佳。,中性
这部电影非常好看，演员表演出色，情节紧凑。,正面
酒店的房间很小，设施老旧，服务态度一般。,负面
这次旅行体验非常糟糕，酒店服务差，交通不便。,负面
这次购物体验非常不错，商品种类丰富，价格合理。,正面
这次旅行体验非常糟糕，酒店服务差，交通不便。,负面
这次购物体验非常不错，商品种类丰富，价格合理。,正面
这家餐厅的菜品非常美味，服务也很热情。,中性
酒店位置非常不错，交通便利，但房间隔音效果不佳。,中性
酒店位置非常不错，交通便利，但房间隔音效果不佳。,中性
餐厅的环境很好，但菜品口味一般。,正面
这部电影非常好看，演员表演出色，情节紧凑。,正面
这次购物体验很好，商品种类丰富，价格合理。,正面
这家餐厅的菜品非常美味，服务也很热情。,中性
酒店位置非常不错，交通便利，但房间隔音效果不佳。,中性
酒店的房间很小，设施老旧，服务态度一般。,负面
餐厅的环境还可以，但菜品口味一般。,负面
这部电影非常好看，演员表演出色，情节紧凑。,正面
餐厅的环境非常不错，但菜品口味一般。,负面
这次旅行体验非常糟糕，酒店服务差，交通不便。,负面
这次住宿体验很好，房间干净整洁，服务态度非常好。,正面
餐厅的环境非常不错，但菜品口味一般。,负面
这本书内容丰富，语言流畅，值得一看。,正面
这次购物体验很好，商品种类丰富，价格合理。,正面
这次购物体验很好，商品种类丰富，价格合理。,正面
这次住宿体验还可以，房间干净整洁，服务态度非常好。,中性
这次购物体验一般，服务态度还可以，但商品质量一般。,负面
这次购物体验一般，服务态度还可以，但商品质量一般。,负面
这次购物体验非常不错，商品种类丰富，价格合理。,正面
这次购物体验非常不错，商品种类丰富，价格合理。,正面
这次旅行体验非常糟糕，酒店服务差，交通不便。,负面
酒店位置非常不错，交通便利，但房间隔音效果不佳。,中性
这家餐厅的菜品非常美味，服务也很热情。,中性
这次购物体验非常不错，商品种类丰富，价格合理。,正面
这次购物体验还可以，商品种类丰富，价格合理。,正面
酒店位置很好，交通便利，但房间隔音效果不佳。,正面
这家餐厅的菜品非常美味，服务也很热情。,中性
这次旅行体验非常糟糕，酒店服务差，交通不便。,负面
这次住宿体验非常不错，房间干净整洁，服务态度非常好。,中性
餐厅的环境非常不错，但菜品口味一般。,负面
这次住宿体验非常不错，房间干净整洁，服务态度非常好。,中性
餐厅的环境很好，但菜品口味一般。,正面
这本书内容丰富，语言流畅，值得一看。,正面
这次住宿体验很好，房间干净整洁，服务态度非常好。,正面
这本书内容丰富，语言流畅，值得一看。,正面
这次住宿体验很好，房间干净整洁，服务态度非常好。,正面
这次购物体验还可以，商品种类丰富，价格合理。,正面
餐厅的环境非常不错，但菜品口味一般。,负面
这家餐厅的菜品非常美味，服务也很热情。,中性
这部电影非常好看，演员表演出色，情节紧凑。,正面
酒店位置非常不错，交通便利，但房间隔音效果不佳。,中性
这次购物体验一般，服务态度还可以，但商品质量一般。,负面
这家餐厅的菜品非常美味，服务也很热情。,中性
这次购物体验一般，服务态度还可以，但商品质量一般。,负面
这部电影非常好看，演员表演出色，情节紧凑。,正面
酒店位置非常不错，交通便利，但房间隔音效果不佳。,中性
这次购物体验还可以，商品种类丰富，价格合理。,正面
酒店位置非常不错，交通便利，但房间隔音效果不佳。,中性
酒店位置很好，交通便利，但房间隔音效果不佳。,正面
这次旅行体验非常糟糕，酒店服务差，交通不便。,负面
餐厅的环境非常不错，但菜品口味一般。,负面
这次购物体验很好，商品种类丰富，价格合理。,正面
这本书内容丰富，语言流畅，值得一看。,正面
这次旅行体验非常糟糕，酒店服务差，交通不便。,负面
这部电影非常好看，演员表演出色，情节紧凑。,正面
酒店位置还可以，交通便利，但房间隔音效果不佳。,中性
这次购物体验很好，商品种类丰富，价格合理。,正面
餐厅的环境非常不错，但菜品口味一般。,负面
餐厅的环境还可以，但菜品口味一般。,负面
这本书内容丰富，语言流畅，值得一看。,正面
这次购物体验一般，服务态度还可以，但商品质量一般。,负面
这次购物体验非常不错，商品种类丰富，价格合理。,正面
这家餐厅的菜品非常美味，服务也很热情。,中性
酒店位置非常不错，交通便利，但房间隔音效果不佳。,中性
餐厅的环境很好，但菜品口味一般。,正面
这次旅行体验非常糟糕，酒店服务差，交通不便。,负面
这次购物体验一般，服务态度还可以，但商品质量一般。,负面
酒店的房间很小，设施老旧，服务态度一般。,负面
酒店位置非常不错，交通便利，但房间隔音效果不佳。,中性
这部电影非常好看，演员表演出色，情节紧凑。,正面
酒店位置非常不错，交通便利，但房间隔音效果不佳。,中性
这本书内容丰富，语言流畅，值得一看。,正面
餐厅的环境很好，但菜品口味一般。,正面
这次住宿体验非常不错，房间干净整洁，服务态度非常好。,中性
酒店位置还可以，交通便利，但房间隔音效果不佳。,中性
这次购物体验一般，服务态度还可以，但商品质量一般。,负面
这家餐厅的菜品非常美味，服务也很热情。,中性
酒店的房间很小，设施老旧，服务态度一般。,负面
餐厅的环境非常不错，但菜品口味一般。,负面
这次购物体验很好，商品种类丰富，价格合理。,正面
这次住宿体验很好，房间干净整洁，服务态度非常好。,正面
酒店位置非常不错，交通便利，但房间隔音效果不佳。,中性
这家餐厅的菜品非常美味，服务也很热情。,中性
这次购物体验一般，服务态度还可以，但商品质量一般。,负面
这次旅行体验非常糟糕，酒店服务差，交通不便。,负面
这次购物体验一般，服务态度还可以，但商品质量一般。,负面
酒店位置还可以，交通便利，但房间隔音效果不佳。,中性
这本书内容丰富，语言流畅，值得一看。,正面
这次旅行体验非常糟糕，酒店服务差，交通不便。,负面
这次购物体验非常不错，商品种类丰富，价格合理。,正面
酒店位置非常不错，交通便利，但房间隔音效果不佳。,中性
酒店的房间很小，设施老旧，服务态度一般。,负面
餐厅的环境非常不错，但菜品口味一般。,负面
酒店的房间很小，设施老旧，服务态度一般。,负面
酒店位置非常不错，交通便利，但房间隔音效果不佳。,中性
这次购物体验非常不错，商品种类丰富，价格合理。,正面
酒店位置非常不错，交通便利，但房间隔音效果不佳。,中性
餐厅的环境非常不错，但菜品口味一般。,负面
这次购物体验一般，服务态度还可以，但商品质量一般。,负面
这次住宿体验非常不错，房间干净整洁，服务态度非常好。,中性
这次旅行体验非常糟糕，酒店服务差，交通不便。,负面
这家餐厅的菜品非常美味，服务也很热情。,中性
这次购物体验非常不错，商品种类丰富，价格合理。,正面
这次购物体验一般，服务态度还可以，但商品质量一般。,负面
这家餐厅的菜品非常美味，服务也很热情。,中性
酒店位置非常不错，交通便利，但房间隔音效果不佳。,中性
这次购物体验一般，服务态度还可以，但商品质量一般。,负面
这家餐厅的菜品非常美味，服务也很热情。,中性
这次购物体验很好，商品种类丰富，价格合理。,正面
酒店位置很好，交通便利，但房间隔音效果不佳。,正面
这部电影非常好看，演员表演出色，情节紧凑。,正面
这次购物体验一般，服务态度还可以，但商品质量一般。,负面
酒店位置非常不错，交通便利，但房间隔音效果不佳。,中性
这次购物体验一般，服务态度还可以，但商品质量一般。,负面
这次住宿体验非常不错，房间干净整洁，服务态度非常好。,中性
这次购物体验一般，服务态度还可以，但商品质量一般。,负面
这次购物体验一般，服务态度还可以，但商品质量一般。,负面
这次住宿体验非常不错，房间干净整洁，服务态度非常好。,中性
这次住宿体验还可以，房间干净整洁，服务态度非常好。,中性
这部电影非常好看，演员表演出色，情节紧凑。,正面
这次购物体验非常不错，商品种类丰富，价格合理。,正面
这次旅行体验非常糟糕，酒店服务差，交通不便。,负面
这次购物体验一般，服务态度还可以，但商品质量一般。,负面
酒店位置很好，交通便利，但房间隔音效果不佳。,正面
这本书内容丰富，语言流畅，值得一看。,正面
这家餐厅的菜品非常美味，服务也很热情。,中性
这家餐厅的菜品非常美味，服务也很热情。,中性
餐厅的环境还可以，但菜品口味一般。,负面
这次旅行体验非常糟糕，酒店服务差，交通不便。,负面
这本书内容丰富，语言流畅，值得一看。,正面
这次旅行体验非常糟糕，酒店服务差，交通不便。,负面
这次购物体验还可以，商品种类丰富，价格合理。,正面
这次住宿体验非常不错，房间干净整洁，服务态度非常好。,中性
这次购物体验很好，商品种类丰富，价格合理。,正面
这家餐厅的菜品非常美味，服务也很热情。,中性
这次住宿体验还可以，房间干净整洁，服务态度非常好。,中性
酒店位置非常不错，交通便利，但房间隔音效果不佳。,中性
这家餐厅的菜品非常美味，服务也很热情。,中性
这次购物体验非常不错，商品种类丰富，价格合理。,正面
这部电影非常好看，演员表演出色，情节紧凑。,正面
这次购物体验一般，服务态度还可以，但商品质量一般。,负面
酒店的房间很小，设施老旧，服务态度一般。,负面
酒店的房间很小，设施老旧，服务态度一般。,负面
这本书内容丰富，语言流畅，值得一看。,正面
餐厅的环境非常不错，但菜品口味一般。,负面
这本书内容丰富，语言流畅，值得一看。,正面
这次住宿体验还可以，房间干净整洁，服务态度非常好。,中性
这次住宿体验还可以，房间干净整洁，服务态度非常好。,中性
这次旅行体验非常糟糕，酒店服务差，交通不便。,负面
酒店的房间很小，设施老旧，服务态度一般。,负面
酒店的房间很小，设施老旧，服务态度一般。,负面
酒店的房间很小，设施老旧，服务态度一般。,负面
这家餐厅的菜品非常美味，服务也很热情。,中性
这本书内容丰富，语言流畅，值得一看。,正面
这本书内容丰富，语言流畅，值得一看。,正面
这家餐厅的菜品非常美味，服务也很热情。,中性
这本书内容丰富，语言流畅，值得一看。,正面
这次旅行体验非常糟糕，酒店服务差，交通不便。,负面
餐厅的环境还可以，但菜品口味一般。,负面
这次购物体验一般，服务态度还可以，但商品质量一般。,负面
这次旅行体验非常糟糕，酒店服务差，交通不便。,负面
这部电影非常好看，演员表演出色，情节紧凑。,正面
这本书内容丰富，语言流畅，值得一看。,正面
这本书内容丰富，语言流畅，值得一看。,正面
餐厅的环境还可以，但菜品口味一般。,负面
酒店位置非常不错，交通便利，但房间隔音效果不佳。,中性
餐厅的环境非常不错，但菜品口味一般。,负面
这次住宿体验还可以，房间干净整洁，服务态度非常好。,中性
这次购物体验非常不错，商品种类丰富，价格合理。,正面
酒店的房间很小，设施老旧，服务态度一般。,负面
这家餐厅的菜品非常美味，服务也很热情。,中性
这家餐厅的菜品非常美味，服务也很热情。,中性
这部电影非常好看，演员表演出色，情节紧凑。,正面
这次旅行体验非常糟糕，酒店服务差，交通不便。,负面
这次住宿体验很好，房间干净整洁，服务态度非常好。,正面
酒店的房间很小，设施老旧，服务态度一般。,负面
酒店位置很好，交通便利，但房间隔音效果不佳。,正面
这次购物体验一般，服务态度还可以，但商品质量一般。,负面
这本书内容丰富，语言流畅，值得一看。,正面
这本书内容丰富，语言流畅，值得一看。,正面
这次住宿体验非常不错，房间干净整洁，服务态度非常好。,中性
这部电影非常好看，演员表演出色，情节紧凑。,正面
这次购物体验还可以，商品种类丰富，价格合理。,正面
这次购物体验一般，服务态度还可以，但商品质量一般。,负面
这次购物体验很好，商品种类丰富，价格合理。,正面
酒店的房间很小，设施老旧，服务态度一般。,负面
这部电影非常好看，演员表演出色，情节紧凑。,正面
这本书内容丰富，语言流畅，值得一看。,正面
这次旅行体验非常糟糕，酒店服务差，交通不便。,负面
这家餐厅的菜品非常美味，服务也很热情。,中性
酒店的房间很小，设施老旧，服务态度一般。,负面
这家餐厅的菜品非常美味，服务也很热情。,中性
这次住宿体验还可以，房间干净整洁，服务态度非常好。,中性
这次住宿体验非常不错，房间干净整洁，服务态度非常好。,中性
餐厅的环境非常不错，但菜品口味一般。,负面
这本书内容丰富，语言流畅，值得一看。,正面
这次住宿体验非常不错，房间干净整洁，服务态度非常好。,中性
这次购物体验一般，服务态度还可以，但商品质量一般。,负面
酒店位置非常不错，交通便利，但房间隔音效果不佳。,中性
这本书内容丰富，语言流畅，值得一看。,正面
这次旅行体验非常糟糕，酒店服务差，交通不便。,负面
这次购物体验还可以，商品种类丰富，价格合理。,正面
这次购物体验非常不错，商品种类丰富，价格合理。,正面
这次购物体验非常不错，商品种类丰富，价格合理。,正面
这部电影非常好看，演员表演出色，情节紧凑。,正面
这次旅行体验非常糟糕，酒店服务差，交通不便。,负面
这次购物体验非常不错，商品种类丰富，价格合理。,正面
酒店的房间很小，设施老旧，服务态度一般。,负面
酒店的房间很小，设施老旧，服务态度一般。,负面
这部电影非常好看，演员表演出色，情节紧凑。,正面
餐厅的环境非常不错，但菜品口味一般。,负面
这次旅行体验非常糟糕，酒店服务差，交通不便。,负面
酒店的房间很小，设施老旧，服务态度一般。,负面
餐厅的环境很好，但菜品口味一般。,正面
这本书内容丰富，语言流畅，值得一看。,正面
这次住宿体验非常不错，房间干净整洁，服务态度非常好。,中性
这家餐厅的菜品非常美味，服务也很热情。,中性
餐厅的环境很好，但菜品口味一般。,正面
这次购物体验一般，服务态度还可以，但商品质量一般。,负面
这次住宿体验非常不错，房间干净整洁，服务态度非常好。,中性
这次购物体验一般，服务态度还可以，但商品质量一般。,负面
这次旅行体验非常糟糕，酒店服务差，交通不便。,负面
餐厅的环境非常不错，但菜品口味一般。,负面
餐厅的环境还可以，但菜品口味一般。,负面
这次购物体验非常不错，商品种类丰富，价格合理。,正面
餐厅的环境非常不错，但菜品口味一般。,负面
酒店的房间很小，设施老旧，服务态度一般。,负面
这次购物体验非常不错，商品种类丰富，价格合理。,正面
这家餐厅的菜品非常美味，服务也很热情。,中性
这次旅行体验非常糟糕，酒店服务差，交通不便。,负面
餐厅的环境很好，但菜品口味一般。,正面
这次购物体验非常不错，商品种类丰富，价格合理。,正面
这本书内容丰富，语言流畅，值得一看。,正面
酒店位置很好，交通便利，但房间隔音效果不佳。,正面
这次购物体验非常不错，商品种类丰富，价格合理。,正面
酒店位置非常不错，交通便利，但房间隔音效果不佳。,中性
这家餐厅的菜品非常美味，服务也很热情。,中性
这本书内容丰富，语言流畅，值得一看。,正面
这次购物体验很好，商品种类丰富，价格合理。,正面
这次购物体验一般，服务态度还可以，但商品质量一般。,负面
酒店位置很好，交通便利，但房间隔音效果不佳。,正面
这次住宿体验很好，房间干净整洁，服务态度非常好。,正面
这次住宿体验还可以，房间干净整洁，服务态度非常好。,中性
餐厅的环境非常不错，但菜品口味一般。,负面
酒店的房间很小，设施老旧，服务态度一般。,负面
这次购物体验还可以，商品种类丰富，价格合理。,正面
酒店位置很好，交通便利，但房间隔音效果不佳。,正面
这次住宿体验非常不错，房间干净整洁，服务态度非常好。,中性
这次购物体验还可以，商品种类丰富，价格合理。,正面
餐厅的环境非常不错，但菜品口味一般。,负面
酒店位置非常不错，交通便利，但房间隔音效果不佳。,中性
这次住宿体验非常不错，房间干净整洁，服务态度非常好。,中性
这部电影非常好看，演员表演出色，情节紧凑。,正面
这次购物体验很好，商品种类丰富，价格合理。,正面
这家餐厅的菜品非常美味，服务也很热情。,中性
酒店位置很好，交通便利，但房间隔音效果不佳。,正面
这家餐厅的菜品非常美味，服务也很热情。,中性
酒店位置还可以，交通便利，但房间隔音效果不佳。,中性
这次购物体验很好，商品种类丰富，价格合理。,正面
这次购物体验一般，服务态度还可以，但商品质量一般。,负面
这次住宿体验非常不错，房间干净整洁，服务态度非常好。,中性
这本书内容丰富，语言流畅，值得一看。,正面
这次购物体验很好，商品种类丰富，价格合理。,正面
这次旅行体验非常糟糕，酒店服务差，交通不便。,负面
餐厅的环境非常不错，但菜品口味一般。,负面
餐厅的环境很好，但菜品口味一般。,正面
酒店的房间很小，设施老旧，服务态度一般。,负面
这次购物体验一般，服务态度还可以，但商品质量一般。,负面
这次旅行体验非常糟糕，酒店服务差，交通不便。,负面
这次购物体验很好，商品种类丰富，价格合理。,正面
餐厅的环境非常不错，但菜品口味一般。,负面
这家餐厅的菜品非常美味，服务也很热情。,中性
这部电影非常好看，演员表演出色，情节紧凑。,正面
酒店位置非常不错，交通便利，但房间隔音效果不佳。,中性
这家餐厅的菜品非常美味，服务也很热情。,中性
这家餐厅的菜品非常美味，服务也很热情。,中性
这次旅行体验非常糟糕，酒店服务差，交通不便。,负面
这本书内容丰富，语言流畅，值得一看。,正面
这家餐厅的菜品非常美味，服务也很热情。,中性
这本书内容丰富，语言流畅，值得一看。,正面
这次旅行体验非常糟糕，酒店服务差，交通不便。,负面
这次购物体验一般，服务态度还可以，但商品质量一般。,负面
这次购物体验还可以，商品种类丰富，价格合理。,正面
这次住宿体验非常不错，房间干净整洁，服务态度非常好。,中性
这家餐厅的菜品非常美味，服务也很热情。,中性
这次购物体验还可以，商品种类丰富，价格合理。,正面
这次住宿体验很好，房间干净整洁，服务态度非常好。,正面
酒店的房间很小，设施老旧，服务态度一般。,负面
这次购物体验非常不错，商品种类丰富，价格合理。,正面
酒店的房间很小，设施老旧，服务态度一般。,负面
这次购物体验一般，服务态度还可以，但商品质量一般。,负面
这部电影非常好看，演员表演出色，情节紧凑。,正面
这次旅行体验非常糟糕，酒店服务差，交通不便。,负面
这部电影非常好看，演员表演出色，情节紧凑。,正面
这次购物体验很好，商品种类丰富，价格合理。,正面
这次旅行体验非常糟糕，酒店服务差，交通不便。,负面
这次旅行体验非常糟糕，酒店服务差，交通不便。,负面
这家餐厅的菜品非常美味，服务也很热情。,中性
这家餐厅的菜品非常美味，服务也很热情。,中性
这本书内容丰富，语言流畅，值得一看。,正面
这次住宿体验非常不错，房间干净整洁，服务态度非常好。,中性
餐厅的环境很好，但菜品口味一般。,正面
这次旅行体验非常糟糕，酒店服务差，交通不便。,负面
这部电影非常好看，演员表演出色，情节紧凑。,正面
这次旅行体验非常糟糕，酒店服务差，交通不便。,负面
这家餐厅的菜品非常美味，服务也很热情。,中性
这次旅行体验非常糟糕，酒店服务差，交通不便。,负面
这次购物体验一般，服务态度还可以，但商品质量一般。,负面
餐厅的环境很好，但菜品口味一般。,正面
这次购物体验非常不错，商品种类丰富，价格合理。,正面
这次购物体验一般，服务态度还可以，但商品质量一般。,负面
餐厅的环境还可以，但菜品口味一般。,负面
这部电影非常好看，演员表演出色，情节紧凑。,正面
这家餐厅的菜品非常美味，服务也很热情。,中性
酒店位置非常不错，交通便利，但房间隔音效果不佳。,中性
餐厅的环境非常不错，但菜品口味一般。,负面
这部电影非常好看，演员表演出色，情节紧凑。,正面
这次旅行体验非常糟糕，酒店服务差，交通不便。,负面
这次住宿体验很好，房间干净整洁，服务态度非常好。,正面
餐厅的环境还可以，但菜品口味一般。,负面
这部电影非常好看，演员表演出色，情节紧凑。,正面
这次购物体验还可以，商品种类丰富，价格合理。,正面
这次购物体验非常不错，商品种类丰富，价格合理。,正面
餐厅的环境非常不错，但菜品口味一般。,负面
这次旅行体验非常糟糕，酒店服务差，交通不便。,负面
酒店位置还可以，交通便利，但房间隔音效果不佳。,中性
这次旅行体验非常糟糕，酒店服务差，交通不便。,负面
这家餐厅的菜品非常美味，服务也很热情。,中性
这本书内容丰富，语言流畅，值得一看。,正面
这本书内容丰富，语言流畅，值得一看。,正面
酒店的房间很小，设施老旧，服务态度一般。,负面
这次购物体验非常不错，商品种类丰富，价格合理。,正面
酒店的房间很小，设施老旧，服务态度一般。,负面
这次购物体验非常不错，商品种类丰富，价格合理。,正面
这次住宿体验还可以，房间干净整洁，服务态度非常好。,中性
酒店位置非常不错，交通便利，但房间隔音效果不佳。,中性
这家餐厅的菜品非常美味，服务也很热情。,中性
这次旅行体验非常糟糕，酒店服务差，交通不便。,负面
这次购物体验一般，服务态度还可以，但商品质量一般。,负面
这次购物体验非常不错，商品种类丰富，价格合理。,正面
这次购物体验非常不错，商品种类丰富，价格合理。,正面
这本书内容丰富，语言流畅，值得一看。,正面
这家餐厅的菜品非常美味，服务也很热情。,中性
这本书内容丰富，语言流畅，值得一看。,正面
这次购物体验非常不错，商品种类丰富，价格合理。,正面
酒店的房间很小，设施老旧，服务态度一般。,负面
这次购物体验一般，服务态度还可以，但商品质量一般。,负面
这家餐厅的菜品非常美味，服务也很热情。,中性
这部电影非常好看，演员表演出色，情节紧凑。,正面
这家餐厅的菜品非常美味，服务也很热情。,中性
这次住宿体验还可以，房间干净整洁，服务态度非常好。,中性
这次住宿体验非常不错，房间干净整洁，服务态度非常好。,中性
酒店的房间很小，设施老旧，服务态度一般。,负面
这本书内容丰富，语言流畅，值得一看。,正面
这次购物体验一般，服务态度还可以，但商品质量一般。,负面
这次住宿体验很好，房间干净整洁，服务态度非常好。,正面
餐厅的环境很好，但菜品口味一般。,正面
这次旅行体验非常糟糕，酒店服务差，交通不便。,负面
这次旅行体验非常糟糕，酒店服务差，交通不便。,负面
这次购物体验一般，服务态度还可以，但商品质量一般。,负面
酒店位置很好，交通便利，但房间隔音效果不佳。,正面
这次购物体验一般，服务态度还可以，但商品质量一般。,负面
这次住宿体验非常不错，房间干净整洁，服务态度非常好。,中性
这次购物体验还可以，商品种类丰富，价格合理。,正面
这次旅行体验非常糟糕，酒店服务差，交通不便。,负面
这次住宿体验还可以，房间干净整洁，服务态度非常好。,中性
餐厅的环境非常不错，但菜品口味一般。,负面
这次购物体验一般，服务态度还可以，但商品质量一般。,负面
这本书内容丰富，语言流畅，值得一看。,正面
酒店的房间很小，设施老旧，服务态度一般。,负面
这次住宿体验非常不错，房间干净整洁，服务态度非常好。,中性
这部电影非常好看，演员表演出色，情节紧凑。,正面
这次旅行体验非常糟糕，酒店服务差，交通不便。,负面
这次住宿体验还可以，房间干净整洁，服务态度非常好。,中性
这部电影非常好看，演员表演出色，情节紧凑。,正面
这本书内容丰富，语言流畅，值得一看。,正面
这次住宿体验非常不错，房间干净整洁，服务态度非常好。,中性
酒店的房间很小，设施老旧，服务态度一般。,负面
这部电影非常好看，演员表演出色，情节紧凑。,正面
这次住宿体验非常不错，房间干净整洁，服务态度非常好。,中性
酒店位置非常不错，交通便利，但房间隔音效果不佳。,中性
这次旅行体验非常糟糕，酒店服务差，交通不便。,负面
这次住宿体验非常不错，房间干净整洁，服务态度非常好。,中性
这次住宿体验很好，房间干净整洁，服务态度非常好。,正面
这次住宿体验还可以，房间干净整洁，服务态度非常好。,中性
酒店位置非常不错，交通便利，但房间隔音效果不佳。,中性
酒店位置还可以，交通便利，但房间隔音效果不佳。,中性
这次购物体验一般，服务态度还可以，但商品质量一般。,负面
餐厅的环境非常不错，但菜品口味一般。,负面
餐厅的环境还可以，但菜品口味一般。,负面
这次购物体验非常不错，商品种类丰富，价格合理。,正面
酒店位置还可以，交通便利，但房间隔音效果不佳。,中性
这次住宿体验很好，房间干净整洁，服务态度非常好。,正面
这次购物体验非常不错，商品种类丰富，价格合理。,正面
这家餐厅的菜品非常美味，服务也很热情。,中性
这部电影非常好看，演员表演出色，情节紧凑。,正面
这部电影非常好看，演员表演出色，情节紧凑。,正面
这本书内容丰富，语言流畅，值得一看。,正面
这次购物体验一般，服务态度还可以，但商品质量一般。,负面
酒店的房间很小，设施老旧，服务态度一般。,负面
这次旅行体验非常糟糕，酒店服务差，交通不便。,负面
这部电影非常好看，演员表演出色，情节紧凑。,正面
这家餐厅的菜品非常美味，服务也很热情。,中性
这次购物体验一般，服务态度还可以，但商品质量一般。,负面
这部电影非常好看，演员表演出色，情节紧凑。,正面
这部电影非常好看，演员表演出色，情节紧凑。,正面
这家餐厅的菜品非常美味，服务也很热情。,中性
这次住宿体验还可以，房间干净整洁，服务态度非常好。,中性
这次购物体验非常不错，商品种类丰富，价格合理。,正面
酒店位置非常不错，交通便利，但房间隔音效果不佳。,中性
这次旅行体验非常糟糕，酒店服务差，交通不便。,负面
这本书内容丰富，语言流畅，值得一看。,正面
这部电影非常好看，演员表演出色，情节紧凑。,正面
这次住宿体验非常不错，房间干净整洁，服务态度非常好。,中性
餐厅的环境很好，但菜品口味一般。,正面
酒店位置很好，交通便利，但房间隔音效果不佳。,正面
这家餐厅的菜品非常美味，服务也很热情。,中性
这次购物体验很好，商品种类丰富，价格合理。,正面
这次住宿体验非常不错，房间干净整洁，服务态度非常好。,中性
这家餐厅的菜品非常美味，服务也很热情。,中性
酒店位置非常不错，交通便利，但房间隔音效果不佳。,中性
这次购物体验一般，服务态度还可以，但商品质量一般。,负面
这家餐厅的菜品非常美味，服务也很热情。,中性
这本书内容丰富，语言流畅，值得一看。,正面
这次购物体验一般，服务态度还可以，但商品质量一般。,负面
这次住宿体验非常不错，房间干净整洁，服务态度非常好。,中性
酒店位置很好，交通便利，但房间隔音效果不佳。,正面
这次旅行体验非常糟糕，酒店服务差，交通不便。,负面
这次住宿体验非常不错，房间干净整洁，服务态度非常好。,中性
这部电影非常好看，演员表演出色，情节紧凑。,正面
这部电影非常好看，演员表演出色，情节紧凑。,正面
这次购物体验一般，服务态度还可以，但商品质量一般。,负面
这次购物体验一般，服务态度还可以，但商品质量一般。,负面
这次住宿体验还可以，房间干净整洁，服务态度非常好。,中性
这次购物体验很好，商品种类丰富，价格合理。,正面
酒店的房间很小，设施老旧，服务态度一般。,负面
餐厅的环境非常不错，但菜品口味一般。,负面
餐厅的环境很好，但菜品口味一般。,正面
酒店的房间很小，设施老旧，服务态度一般。,负面
这本书内容丰富，语言流畅，值得一看。,正面
这次旅行体验非常糟糕，酒店服务差，交通不便。,负面
这部电影非常好看，演员表演出色，情节紧凑。,正面
这次购物体验一般，服务态度还可以，但商品质量一般。,负面
酒店位置非常不错，交通便利，但房间隔音效果不佳。,中性
这本书内容丰富，语言流畅，值得一看。,正面
这家餐厅的菜品非常美味，服务也很热情。,中性
这次购物体验一般，服务态度还可以，但商品质量一般。,负面
这家餐厅的菜品非常美味，服务也很热情。,中性
酒店位置还可以，交通便利，但房间隔音效果不佳。,中性
这次购物体验一般，服务态度还可以，但商品质量一般。,负面
这部电影非常好看，演员表演出色，情节紧凑。,正面
这次购物体验非常不错，商品种类丰富，价格合理。,正面
这家餐厅的菜品非常美味，服务也很热情。,中性
酒店位置非常不错，交通便利，但房间隔音效果不佳。,中性
这部电影非常好看，演员表演出色，情节紧凑。,正面
这部电影非常好看，演员表演出色，情节紧凑。,正面
餐厅的环境很好，但菜品口味一般。,正面
这次购物体验一般，服务态度还可以，但商品质量一般。,负面
餐厅的环境很好，但菜品口味一般。,正面
这家餐厅的菜品非常美味，服务也很热情。,中性
这次购物体验很好，商品种类丰富，价格合理。,正面
这次旅行体验非常糟糕，酒店服务差，交通不便。,负面
这家餐厅的菜品非常美味，服务也很热情。,中性
这次旅行体验非常糟糕，酒店服务差，交通不便。,负面
这次购物体验非常不错，商品种类丰富，价格合理。,正面
这次购物体验还可以，商品种类丰富，价格合理。,正面
餐厅的环境还可以，但菜品口味一般。,负面
这本书内容丰富，语言流畅，值得一看。,正面
这家餐厅的菜品非常美味，服务也很热情。,中性
这部电影非常好看，演员表演出色，情节紧凑。,正面
这次购物体验还可以，商品种类丰富，价格合理。,正面
这次购物体验非常不错，商品种类丰富，价格合理。,正面
这次旅行体验非常糟糕，酒店服务差，交通不便。,负面
酒店位置非常不错，交通便利，但房间隔音效果不佳。,中性
这家餐厅的菜品非常美味，服务也很热情。,中性
这次购物体验还可以，商品种类丰富，价格合理。,正面
这次住宿体验非常不错，房间干净整洁，服务态度非常好。,中性
这部电影非常好看，演员表演出色，情节紧凑。,正面
餐厅的环境还可以，但菜品口味一般。,负面
这本书内容丰富，语言流畅，值得一看。,正面
这本书内容丰富，语言流畅，值得一看。,正面
这次住宿体验还可以，房间干净整洁，服务态度非常好。,中性
这本书内容丰富，语言流畅，值得一看。,正面
餐厅的环境非常不错，但菜品口味一般。,负面
这家餐厅的菜品非常美味，服务也很热情。,中性
餐厅的环境非常不错，但菜品口味一般。,负面
这家餐厅的菜品非常美味，服务也很热情。,中性
这次购物体验一般，服务态度还可以，但商品质量一般。,负面
这次购物体验非常不错，商品种类丰富，价格合理。,正面
这次旅行体验非常糟糕，酒店服务差，交通不便。,负面
这次旅行体验非常糟糕，酒店服务差，交通不便。,负面
酒店的房间很小，设施老旧，服务态度一般。,负面
酒店位置很好，交通便利，但房间隔音效果不佳。,正面
餐厅的环境很好，但菜品口味一般。,正面
这次购物体验一般，服务态度还可以，但商品质量一般。,负面
酒店的房间很小，设施老旧，服务态度一般。,负面
这次购物体验非常不错，商品种类丰富，价格合理。,正面
这次购物体验一般，服务态度还可以，但商品质量一般。,负面
这本书内容丰富，语言流畅，值得一看。,正面
这次购物体验很好，商品种类丰富，价格合理。,正面
这次旅行体验非常糟糕，酒店服务差，交通不便。,负面
这家餐厅的菜品非常美味，服务也很热情。,中性
这家餐厅的菜品非常美味，服务也很热情。,中性
这次住宿体验很好，房间干净整洁，服务态度非常好。,正面
这次旅行体验非常糟糕，酒店服务差，交通不便。,负面
这次旅行体验非常糟糕，酒店服务差，交通不便。,负面
这次购物体验很好，商品种类丰富，价格合理。,正面
酒店的房间很小，设施老旧，服务态度一般。,负面
餐厅的环境非常不错，但菜品口味一般。,负面
这次旅行体验非常糟糕，酒店服务差，交通不便。,负面
这部电影非常好看，演员表演出色，情节紧凑。,正面
这次购物体验很好，商品种类丰富，价格合理。,正面
这次旅行体验非常糟糕，酒店服务差，交通不便。,负面
这本书内容丰富，语言流畅，值得一看。,正面
这次住宿体验非常不错，房间干净整洁，服务态度非常好。,中性
这家餐厅的菜品非常美味，服务也很热情。,中性
这本书内容丰富，语言流畅，值得一看。,正面
餐厅的环境非常不错，但菜品口味一般。,负面
酒店的房间很小，设施老旧，服务态度一般。,负面
餐厅的环境非常不错，但菜品口味一般。,负面
这次住宿体验非常不错，房间干净整洁，服务态度非常好。,中性
这次购物体验一般，服务态度还可以，但商品质量一般。,负面
餐厅的环境非常不错，但菜品口味一般。,负面
餐厅的环境还可以，但菜品口味一般。,负面
酒店位置还可以，交通便利，但房间隔音效果不佳。,中性
这家餐厅的菜品非常美味，服务也很热情。,中性
酒店位置还可以，交通便利，但房间隔音效果不佳。,中性
这次住宿体验非常不错，房间干净整洁，服务态度非常好。,中性
酒店位置非常不错，交通便利，但房间隔音效果不佳。,中性
这家餐厅的菜品非常美味，服务也很热情。,中性
酒店的房间很小，设施老旧，服务态度一般。,负面
这次旅行体验非常糟糕，酒店服务差，交通不便。,负面
这次购物体验非常不错，商品种类丰富，价格合理。,正面
这次住宿体验还可以，房间干净整洁，服务态度非常好。,中性
这家餐厅的菜品非常美味，服务也很热情。,中性
酒店位置很好，交通便利，但房间隔音效果不佳。,正面
这次购物体验非常不错，商品种类丰富，价格合理。,正面
餐厅的环境非常不错，但菜品口味一般。,负面
这本书内容丰富，语言流畅，值得一看。,正面
酒店的房间很小，设施老旧，服务态度一般。,负面
这次购物体验一般，服务态度还可以，但商品质量一般。,负面
这次购物体验非常不错，商品种类丰富，价格合理。,正面
酒店的房间很小，设施老旧，服务态度一般。,负面
这次住宿体验非常不错，房间干净整洁，服务态度非常好。,中性
餐厅的环境非常不错，但菜品口味一般。,负面
酒店位置非常不错，交通便利，但房间隔音效果不佳。,中性
这次住宿体验很好，房间干净整洁，服务态度非常好。,正面
这次旅行体验非常糟糕，酒店服务差，交通不便。,负面
这本书内容丰富，语言流畅，值得一看。,正面
酒店位置还可以，交通便利，但房间隔音效果不佳。,中性
这次购物体验非常不错，商品种类丰富，价格合理。,正面
这本书内容丰富，语言流畅，值得一看。,正面
这家餐厅的菜品非常美味，服务也很热情。,中性
这次购物体验一般，服务态度还可以，但商品质量一般。,负面
这次住宿体验很好，房间干净整洁，服务态度非常好。,正面
这本书内容丰富，语言流畅，值得一看。,正面
餐厅的环境很好，但菜品口味一般。,正面
这次旅行体验非常糟糕，酒店服务差，交通不便。,负面
这次购物体验非常不错，商品种类丰富，价格合理。,正面
这次旅行体验非常糟糕，酒店服务差，交通不便。,负面
酒店的房间很小，设施老旧，服务态度一般。,负面
餐厅的环境很好，但菜品口味一般。,正面
这次住宿体验非常不错，房间干净整洁，服务态度非常好。,中性
这次住宿体验非常不错，房间干净整洁，服务态度非常好。,中性
酒店位置还可以，交通便利，但房间隔音效果不佳。,中性
餐厅的环境非常不错，但菜品口味一般。,负面
酒店位置还可以，交通便利，但房间隔音效果不佳。,中性
这次购物体验还可以，商品种类丰富，价格合理。,正面
这次旅行体验非常糟糕，酒店服务差，交通不便。,负面
这次购物体验还可以，商品种类丰富，价格合理。,正面
酒店位置非常不错，交通便利，但房间隔音效果不佳。,中性
这次购物体验很好，商品种类丰富，价格合理。,正面
这家餐厅的菜品非常美味，服务也很热情。,中性
餐厅的环境非常不错，但菜品口味一般。,负面
这次购物体验一般，服务态度还可以，但商品质量一般。,负面
酒店位置很好，交通便利，但房间隔音效果不佳。,正面
这家餐厅的菜品非常美味，服务也很热情。,中性
这家餐厅的菜品非常美味，服务也很热情。,中性
这部电影非常好看，演员表演出色，情节紧凑。,正面
这次购物体验非常不错，商品种类丰富，价格合理。,正面
这家餐厅的菜品非常美味，服务也很热情。,中性
酒店位置还可以，交通便利，但房间隔音效果不佳。,中性
这次住宿体验很好，房间干净整洁，服务态度非常好。,正面
这本书内容丰富，语言流畅，值得一看。,正面
这次旅行体验非常糟糕，酒店服务差，交通不便。,负面
餐厅的环境还可以，但菜品口味一般。,负面
这次购物体验非常不错，商品种类丰富，价格合理。,正面
酒店的房间很小，设施老旧，服务态度一般。,负面
这部电影非常好看，演员表演出色，情节紧凑。,正面
这次住宿体验很好，房间干净整洁，服务态度非常好。,正面
这部电影非常好看，演员表演出色，情节紧凑。,正面
酒店的房间很小，设施老旧，服务态度一般。,负面
这次购物体验还可以，商品种类丰富，价格合理。,正面
餐厅的环境很好，但菜品口味一般。,正面
这家餐厅的菜品非常美味，服务也很热情。,中性
这次旅行体验非常糟糕，酒店服务差，交通不便。,负面
酒店的房间很小，设施老旧，服务态度一般。,负面
酒店的房间很小，设施老旧，服务态度一般。,负面
这次旅行体验非常糟糕，酒店服务差，交通不便。,负面
这次购物体验一般，服务态度还可以，但商品质量一般。,负面
这家餐厅的菜品非常美味，服务也很热情。,中性
这次旅行体验非常糟糕，酒店服务差，交通不便。,负面
这本书内容丰富，语言流畅，值得一看。,正面
这次旅行体验非常糟糕，酒店服务差，交通不便。,负面
这次购物体验一般，服务态度还可以，但商品质量一般。,负面
酒店位置还可以，交通便利，但房间隔音效果不佳。,中性
餐厅的环境还可以，但菜品口味一般。,负面
这本书内容丰富，语言流畅，值得一看。,正面
这本书内容丰富，语言流畅，值得一看。,正面
这次旅行体验非常糟糕，酒店服务差，交通不便。,负面
这家餐厅的菜品非常美味，服务也很热情。,中性
这次住宿体验还可以，房间干净整洁，服务态度非常好。,中性
这次购物体验非常不错，商品种类丰富，价格合理。,正面
酒店的房间很小，设施老旧，服务态度一般。,负面
这家餐厅的菜品非常美味，服务也很热情。,中性
酒店的房间很小，设施老旧，服务态度一般。,负面
这本书内容丰富，语言流畅，值得一看。,正面
这部电影非常好看，演员表演出色，情节紧凑。,正面
餐厅的环境非常不错，但菜品口味一般。,负面
酒店位置还可以，交通便利，但房间隔音效果不佳。,中性
酒店的房间很小，设施老旧，服务态度一般。,负面
这次住宿体验非常不错，房间干净整洁，服务态度非常好。,中性
酒店的房间很小，设施老旧，服务态度一般。,负面
酒店的房间很小，设施老旧，服务态度一般。,负面
这部电影非常好看，演员表演出色，情节紧凑。,正面
这次购物体验非常不错，商品种类丰富，价格合理。,正面
酒店位置非常不错，交通便利，但房间隔音效果不佳。,中性
酒店位置还可以，交通便利，但房间隔音效果不佳。,中性
这本书内容丰富，语言流畅，值得一看。,正面
这次旅行体验非常糟糕，酒店服务差，交通不便。,负面
这部电影非常好看，演员表演出色，情节紧凑。,正面
酒店的房间很小，设施老旧，服务态度一般。,负面
酒店位置非常不错，交通便利，但房间隔音效果不佳。,中性
酒店的房间很小，设施老旧，服务态度一般。,负面
酒店位置还可以，交通便利，但房间隔音效果不佳。,中性
这次购物体验非常不错，商品种类丰富，价格合理。,正面
酒店的房间很小，设施老旧，服务态度一般。,负面
这家餐厅的菜品非常美味，服务也很热情。,中性
这次购物体验很好，商品种类丰富，价格合理。,正面
这次旅行体验非常糟糕，酒店服务差，交通不便。,负面
酒店位置非常不错，交通便利，但房间隔音效果不佳。,中性
酒店的房间很小，设施老旧，服务态度一般。,负面
这次购物体验一般，服务态度还可以，但商品质量一般。,负面
这次购物体验一般，服务态度还可以，但商品质量一般。,负面
餐厅的环境非常不错，但菜品口味一般。,负面
这本书内容丰富，语言流畅，值得一看。,正面
酒店的房间很小，设施老旧，服务态度一般。,负面
这本书内容丰富，语言流畅，值得一看。,正面
这次购物体验非常不错，商品种类丰富，价格合理。,正面
这次旅行体验非常糟糕，酒店服务差，交通不便。,负面
酒店的房间很小，设施老旧，服务态度一般。,负面
这次购物体验非常不错，商品种类丰富，价格合理。,正面
这本书内容丰富，语言流畅，值得一看。,正面
这次购物体验一般，服务态度还可以，但商品质量一般。,负面
这家餐厅的菜品非常美味，服务也很热情。,中性
这家餐厅的菜品非常美味，服务也很热情。,中性
这家餐厅的菜品非常美味，服务也很热情。,中性
这次旅行体验非常糟糕，酒店服务差，交通不便。,负面
这次住宿体验很好，房间干净整洁，服务态度非常好。,正面
餐厅的环境非常不错，但菜品口味一般。,负面
这次旅行体验非常糟糕，酒店服务差，交通不便。,负面
这次购物体验一般，服务态度还可以，但商品质量一般。,负面
酒店位置非常不错，交通便利，但房间隔音效果不佳。,中性
这次住宿体验还可以，房间干净整洁，服务态度非常好。,中性
这家餐厅的菜品非常美味，服务也很热情。,中性
这家餐厅的菜品非常美味，服务也很热情。,中性
这部电影非常好看，演员表演出色，情节紧凑。,正面
这次住宿体验很好，房间干净整洁，服务态度非常好。,正面
这部电影非常好看，演员表演出色，情节紧凑。,正面
酒店位置还可以，交通便利，但房间隔音效果不佳。,中性
这本书内容丰富，语言流畅，值得一看。,正面
这家餐厅的菜品非常美味，服务也很热情。,中性
这次旅行体验非常糟糕，酒店服务差，交通不便。,负面
这次旅行体验非常糟糕，酒店服务差，交通不便。,负面
这部电影非常好看，演员表演出色，情节紧凑。,正面
酒店的房间很小，设施老旧，服务态度一般。,负面
这次旅行体验非常糟糕，酒店服务差，交通不便。,负面
这次购物体验还可以，商品种类丰富，价格合理。,正面
这次购物体验一般，服务态度还可以，但商品质量一般。,负面
酒店的房间很小，设施老旧，服务态度一般。,负面
这次购物体验很好，商品种类丰富，价格合理。,正面
餐厅的环境非常不错，但菜品口味一般。,负面
酒店的房间很小，设施老旧，服务态度一般。,负面
酒店位置还可以，交通便利，但房间隔音效果不佳。,中性
这次住宿体验还可以，房间干净整洁，服务态度非常好。,中性
这次住宿体验非常不错，房间干净整洁，服务态度非常好。,中性
这次旅行体验非常糟糕，酒店服务差，交通不便。,负面
这部电影非常好看，演员表演出色，情节紧凑。,正面
酒店位置还可以，交通便利，但房间隔音效果不佳。,中性
这次旅行体验非常糟糕，酒店服务差，交通不便。,负面
这部电影非常好看，演员表演出色，情节紧凑。,正面
这本书内容丰富，语言流畅，值得一看。,正面
这次住宿体验很好，房间干净整洁，服务态度非常好。,正面
酒店位置非常不错，交通便利，但房间隔音效果不佳。,中性
这本书内容丰富，语言流畅，值得一看。,正面
这家餐厅的菜品非常美味，服务也很热情。,中性
餐厅的环境非常不错，但菜品口味一般。,负面
餐厅的环境还可以，但菜品口味一般。,负面
这次住宿体验还可以，房间干净整洁，服务态度非常好。,中性
这次住宿体验很好，房间干净整洁，服务态度非常好。,正面
这部电影非常好看，演员表演出色，情节紧凑。,正面
这次购物体验还可以，商品种类丰富，价格合理。,正面
这次旅行体验非常糟糕，酒店服务差，交通不便。,负面
这次购物体验很好，商品种类丰富，价格合理。,正面
这次购物体验一般，服务态度还可以，但商品质量一般。,负面
这次住宿体验还可以，房间干净整洁，服务态度非常好。,中性
这次旅行体验非常糟糕，酒店服务差，交通不便。,负面
这部电影非常好看，演员表演出色，情节紧凑。,正面
这家餐厅的菜品非常美味，服务也很热情。,中性
这次购物体验还可以，商品种类丰富，价格合理。,正面
这次购物体验一般，服务态度还可以，但商品质量一般。,负面
这家餐厅的菜品非常美味，服务也很热情。,中性
酒店位置非常不错，交通便利，但房间隔音效果不佳。,中性
这次旅行体验非常糟糕，酒店服务差，交通不便。,负面
酒店的房间很小，设施老旧，服务态度一般。,负面
这部电影非常好看，演员表演出色，情节紧凑。,正面
这次旅行体验非常糟糕，酒店服务差，交通不便。,负面
这次购物体验还可以，商品种类丰富，价格合理。,正面
这次住宿体验很好，房间干净整洁，服务态度非常好。,正面
这次住宿体验很好，房间干净整洁，服务态度非常好。,正面
这次住宿体验还可以，房间干净整洁，服务态度非常好。,中性
酒店的房间很小，设施老旧，服务态度一般。,负面
这本书内容丰富，语言流畅，值得一看。,正面
这本书内容丰富，语言流畅，值得一看。,正面
这部电影非常好看，演员表演出色，情节紧凑。,正面
酒店位置非常不错，交通便利，但房间隔音效果不佳。,中性
这次购物体验一般，服务态度还可以，但商品质量一般。,负面
这次旅行体验非常糟糕，酒店服务差，交通不便。,负面
这家餐厅的菜品非常美味，服务也很热情。,中性
酒店位置非常不错，交通便利，但房间隔音效果不佳。,中性
这次购物体验一般，服务态度还可以，但商品质量一般。,负面
这家餐厅的菜品非常美味，服务也很热情。,中性
这次旅行体验非常糟糕，酒店服务差，交通不便。,负面
这本书内容丰富，语言流畅，值得一看。,正面
这次旅行体验非常糟糕，酒店服务差，交通不便。,负面
这本书内容丰富，语言流畅，值得一看。,正面
酒店位置还可以，交通便利，但房间隔音效果不佳。,中性
这家餐厅的菜品非常美味，服务也很热情。,中性
这次住宿体验非常不错，房间干净整洁，服务态度非常好。,中性
这家餐厅的菜品非常美味，服务也很热情。,中性
这次住宿体验非常不错，房间干净整洁，服务态度非常好。,中性
这部电影非常好看，演员表演出色，情节紧凑。,正面
酒店的房间很小，设施老旧，服务态度一般。,负面
这次旅行体验非常糟糕，酒店服务差，交通不便。,负面
这次住宿体验非常不错，房间干净整洁，服务态度非常好。,中性
这次住宿体验非常不错，房间干净整洁，服务态度非常好。,中性
酒店的房间很小，设施老旧，服务态度一般。,负面
这次购物体验非常不错，商品种类丰富，价格合理。,正面
这次购物体验非常不错，商品种类丰富，价格合理。,正面
这家餐厅的菜品非常美味，服务也很热情。,中性
这次住宿体验还可以，房间干净整洁，服务态度非常好。,中性
酒店的房间很小，设施老旧，服务态度一般。,负面
这次住宿体验还可以，房间干净整洁，服务态度非常好。,中性
这本书内容丰富，语言流畅，值得一看。,正面
这家餐厅的菜品非常美味，服务也很热情。,中性
这次旅行体验非常糟糕，酒店服务差，交通不便。,负面
酒店的房间很小，设施老旧，服务态度一般。,负面
这次购物体验一般，服务态度还可以，但商品质量一般。,负面
这次住宿体验非常不错，房间干净整洁，服务态度非常好。,中性
酒店的房间很小，设施老旧，服务态度一般。,负面
餐厅的环境很好，但菜品口味一般。,正面
这次购物体验一般，服务态度还可以，但商品质量一般。,负面
这次住宿体验非常不错，房间干净整洁，服务态度非常好。,中性
这本书内容丰富，语言流畅，值得一看。,正面
这次旅行体验非常糟糕，酒店服务差，交通不便。,负面
这次住宿体验还可以，房间干净整洁，服务态度非常好。,中性
酒店位置非常不错，交通便利，但房间隔音效果不佳。,中性
这次住宿体验还可以，房间干净整洁，服务态度非常好。,中性
这家餐厅的菜品非常美味，服务也很热情。,中性
这次旅行体验非常糟糕，酒店服务差，交通不便。,负面
这次购物体验一般，服务态度还可以，但商品质量一般。,负面
这次购物体验非常不错，商品种类丰富，价格合理。,正面
这次购物体验很好，商品种类丰富，价格合理。,正面
酒店的房间很小，设施老旧，服务态度一般。,负面
酒店的房间很小，设施老旧，服务态度一般。,负面
餐厅的环境还可以，但菜品口味一般。,负面
这次购物体验一般，服务态度还可以，但商品质量一般。,负面
这次购物体验非常不错，商品种类丰富，价格合理。,正面
酒店的房间很小，设施老旧，服务态度一般。,负面
酒店的房间很小，设施老旧，服务态度一般。,负面
餐厅的环境非常不错，但菜品口味一般。,负面
餐厅的环境非常不错，但菜品口味一般。,负面
这次购物体验一般，服务态度还可以，但商品质量一般。,负面
酒店位置非常不错，交通便利，但房间隔音效果不佳。,中性
这次旅行体验非常糟糕，酒店服务差，交通不便。,负面
这部电影非常好看，演员表演出色，情节紧凑。,正面
这部电影非常好看，演员表演出色，情节紧凑。,正面
这本书内容丰富，语言流畅，值得一看。,正面
酒店位置很好，交通便利，但房间隔音效果不佳。,正面
酒店位置很好，交通便利，但房间隔音效果不佳。,正面
这次旅行体验非常糟糕，酒店服务差，交通不便。,负面
这次购物体验一般，服务态度还可以，但商品质量一般。,负面
这家餐厅的菜品非常美味，服务也很热情。,中性
餐厅的环境还可以，但菜品口味一般。,负面
这次旅行体验非常糟糕，酒店服务差，交通不便。,负面
这次旅行体验非常糟糕，酒店服务差，交通不便。,负面
这本书内容丰富，语言流畅，值得一看。,正面
这家餐厅的菜品非常美味，服务也很热情。,中性
这家餐厅的菜品非常美味，服务也很热情。,中性
这次购物体验一般，服务态度还可以，但商品质量一般。,负面
这次旅行体验非常糟糕，酒店服务差，交通不便。,负面
这次购物体验非常不错，商品种类丰富，价格合理。,正面
这次购物体验非常不错，商品种类丰富，价格合理。,正面
这次旅行体验非常糟糕，酒店服务差，交通不便。,负面
这本书内容丰富，语言流畅，值得一看。,正面
这本书内容丰富，语言流畅，值得一看。,正面
这次购物体验非常不错，商品种类丰富，价格合理。,正面
这家餐厅的菜品非常美味，服务也很热情。,中性
这本书内容丰富，语言流畅，值得一看。,正面
餐厅的环境非常不错，但菜品口味一般。,负面
这次购物体验非常不错，商品种类丰富，价格合理。,正面
这次购物体验一般，服务态度还可以，但商品质量一般。,负面
这部电影非常好看，演员表演出色，情节紧凑。,正面
酒店位置非常不错，交通便利，但房间隔音效果不佳。,中性
这次住宿体验非常不错，房间干净整洁，服务态度非常好。,中性
这本书内容丰富，语言流畅，值得一看。,正面
这次购物体验非常不错，商品种类丰富，价格合理。,正面
这家餐厅的菜品非常美味，服务也很热情。,中性
酒店位置很好，交通便利，但房间隔音效果不佳。,正面
这本书内容丰富，语言流畅，值得一看。,正面
这本书内容丰富，语言流畅，值得一看。,正面
这次住宿体验非常不错，房间干净整洁，服务态度非常好。,中性
这家餐厅的菜品非常美味，服务也很热情。,中性
酒店位置非常不错，交通便利，但房间隔音效果不佳。,中性
餐厅的环境还可以，但菜品口味一般。,负面
这家餐厅的菜品非常美味，服务也很热情。,中性
这次购物体验非常不错，商品种类丰富，价格合理。,正面
酒店的房间很小，设施老旧，服务态度一般。,负面
这次住宿体验还可以，房间干净整洁，服务态度非常好。,中性
这次购物体验很好，商品种类丰富，价格合理。,正面
酒店位置非常不错，交通便利，但房间隔音效果不佳。,中性
酒店的房间很小，设施老旧，服务态度一般。,负面
餐厅的环境非常不错，但菜品口味一般。,负面
这本书内容丰富，语言流畅，值得一看。,正面
酒店位置很好，交通便利，但房间隔音效果不佳。,正面
这本书内容丰富，语言流畅，值得一看。,正面
这本书内容丰富，语言流畅，值得一看。,正面
这次购物体验一般，服务态度还可以，但商品质量一般。,负面
酒店的房间很小，设施老旧，服务态度一般。,负面
这部电影非常好看，演员表演出色，情节紧凑。,正面
这次旅行体验非常糟糕，酒店服务差，交通不便。,负面
这次旅行体验非常糟糕，酒店服务差，交通不便。,负面
